id,lat,lng,type,severity,datetime,dead,injured
1,47.107219,51.881112,наезд на пешехода,minor,2026-06-28 19:06:00,0,0
2,47.10184,51.8762,столкновение,minor,2026-04-22 17:15:00,0,0
3,47.109002,51.872622,наезд на пешехода,minor,2026-02-13 12:31:00,0,0
4,47.109762,51.879277,наезд на пешехода,minor,2026-05-06 08:08:00,0,0
5,47.098196,51.881699,наезд на пешехода,minor,2026-01-31 10:28:00,0,0
6,47.100791,51.8919,наезд на препятствие,major,2026-01-05 18:07:00,0,2
7,47.106511,51.88273,столкновение,minor,2026-05-14 08:47:00,0,0
8,47.104735,51.887503,наезд на пешехода,minor,2026-04-19 06:06:00,0,0
9,47.105933,51.879204,столкновение,major,2026-06-09 20:05:00,0,0
10,47.102588,51.875364,столкновение,major,2026-03-14 18:38:00,0,1
11,47.109518,51.876595,столкновение,major,2026-06-30 08:13:00,0,0
12,47.109111,51.877939,столкновение,minor,2026-03-30 09:21:00,0,0
13,47.106264,51.893919,столкновение,major,2026-06-05 23:18:00,0,0
14,47.110509,51.8774,наезд на пешехода,minor,2026-01-22 18:12:00,0,0
15,47.10787,51.886696,наезд на пешехода,minor,2026-01-21 17:45:00,0,0
16,47.102563,51.876944,наезд на пешехода,minor,2026-06-15 09:41:00,0,0
17,47.107475,51.887217,столкновение,minor,2026-06-25 09:14:00,0,0
18,47.102164,51.884156,столкновение,minor,2026-07-18 03:41:00,0,0
19,47.109514,51.881123,столкновение,minor,2026-03-10 18:42:00,0,0
20,47.1058,51.881772,опрокидывание,major,2026-01-05 04:32:00,0,1
21,47.105261,51.878333,наезд на препятствие,minor,2026-07-26 00:34:00,0,0
22,47.103276,51.884498,столкновение,minor,2026-05-07 18:56:00,0,0
23,47.11089,51.879452,наезд на пешехода,minor,2026-02-22 22:27:00,0,0
24,47.105382,51.875137,столкновение,minor,2026-06-11 18:23:00,0,0
25,47.104287,51.874844,столкновение,minor,2026-07-10 14:32:00,0,0
26,47.104591,51.882966,столкновение,minor,2026-03-02 14:50:00,0,0
27,47.108129,51.890843,столкновение,minor,2026-06-12 13:42:00,0,0
28,47.107462,51.882896,наезд на пешехода,major,2026-06-16 09:04:00,0,2
29,47.107651,51.881336,наезд на препятствие,fatal,2026-04-16 15:27:00,2,2
30,47.107723,51.883601,столкновение,minor,2026-05-14 13:44:00,0,0
31,47.114567,51.889314,наезд на пешехода,major,2026-02-26 17:13:00,0,2
32,47.104374,51.883229,наезд на пешехода,major,2026-07-16 20:59:00,0,1
33,47.103951,51.879699,наезд на препятствие,fatal,2026-07-27 23:48:00,1,0
34,47.102745,51.888195,наезд на пешехода,minor,2026-07-26 06:50:00,0,0
35,47.108464,51.884401,столкновение,major,2026-06-05 11:04:00,0,0
36,47.110516,51.8906,наезд на пешехода,major,2026-01-09 08:34:00,0,3
37,47.105544,51.883026,столкновение,major,2026-03-19 10:31:00,0,1
38,47.102639,51.875143,наезд на препятствие,minor,2026-04-04 09:37:00,0,0
39,47.102702,51.874338,столкновение,minor,2026-07-22 08:51:00,0,0
40,47.108602,51.891245,наезд на пешехода,minor,2026-04-26 18:21:00,0,0
41,47.108973,51.891653,столкновение,minor,2026-04-24 14:32:00,0,0
42,47.108173,51.880995,столкновение,minor,2026-01-31 21:40:00,0,0
43,47.103338,51.879854,наезд на препятствие,minor,2026-06-17 03:45:00,0,0
44,47.106929,51.890184,наезд на пешехода,minor,2026-03-12 06:46:00,0,0
45,47.106467,51.875801,столкновение,minor,2026-01-20 12:20:00,0,0
46,47.106875,51.87699,наезд на препятствие,major,2026-07-28 06:59:00,0,3
47,47.109486,51.885603,наезд на препятствие,minor,2026-02-10 09:00:00,0,0
48,47.106894,51.87979,столкновение,minor,2026-01-04 23:29:00,0,0
49,47.108716,51.881971,наезд на пешехода,major,2026-01-17 08:36:00,0,1
50,47.10627,51.881085,наезд на пешехода,major,2026-04-06 08:03:00,0,1
51,47.107156,51.88389,наезд на пешехода,fatal,2026-01-22 17:27:00,1,3
52,47.108525,51.889882,столкновение,major,2026-06-27 15:35:00,0,3
53,47.100171,51.882507,столкновение,major,2026-04-19 17:36:00,0,0
54,47.104721,51.885606,наезд на препятствие,minor,2026-03-10 11:07:00,0,0
55,47.104119,51.870519,наезд на препятствие,minor,2026-01-01 19:16:00,0,0
56,47.103444,51.881727,опрокидывание,minor,2026-04-12 08:14:00,0,0
57,47.104899,51.877278,наезд на препятствие,minor,2026-02-01 12:38:00,0,0
58,47.11198,51.875175,наезд на пешехода,fatal,2026-07-26 18:19:00,2,0
59,47.102537,51.877082,опрокидывание,minor,2026-03-03 20:34:00,0,0
60,47.109873,51.880129,опрокидывание,minor,2026-04-11 11:43:00,0,0
61,47.099269,51.887129,наезд на пешехода,minor,2026-01-04 17:47:00,0,0
62,47.10466,51.874572,наезд на пешехода,minor,2026-01-28 06:11:00,0,0
63,47.106651,51.882172,столкновение,minor,2026-02-13 08:54:00,0,0
64,47.108345,51.879289,наезд на пешехода,minor,2026-01-11 06:09:00,0,0
65,47.108845,51.880165,столкновение,fatal,2026-06-03 18:01:00,1,0
66,47.109173,51.887615,столкновение,minor,2026-07-19 09:02:00,0,0
67,47.104605,51.885013,наезд на пешехода,major,2026-07-27 18:12:00,0,3
68,47.104151,51.889489,столкновение,major,2026-02-26 06:52:00,0,3
69,47.109432,51.881135,столкновение,minor,2026-06-16 19:12:00,0,0
70,47.105235,51.878103,опрокидывание,minor,2026-04-17 19:41:00,0,0
71,47.100897,51.880746,наезд на препятствие,major,2026-01-10 06:25:00,0,3
72,47.101467,51.883358,столкновение,minor,2026-01-20 02:02:00,0,0
73,47.102322,51.882989,столкновение,major,2026-04-26 05:26:00,0,1
74,47.107989,51.875927,столкновение,minor,2026-03-31 19:01:00,0,0
75,47.10657,51.882507,опрокидывание,major,2026-01-02 09:28:00,0,1
76,47.108762,51.883278,опрокидывание,major,2026-07-16 16:33:00,0,0
77,47.104291,51.896098,столкновение,minor,2026-06-04 12:31:00,0,0
78,47.106634,51.89251,опрокидывание,minor,2026-04-17 19:16:00,0,0
79,47.108502,51.877222,столкновение,fatal,2026-07-28 14:45:00,2,3
80,47.104763,51.880391,столкновение,minor,2026-07-24 15:35:00,0,0
81,47.107827,51.873805,наезд на препятствие,minor,2026-07-25 23:15:00,0,0
82,47.103352,51.878692,столкновение,minor,2026-02-24 08:26:00,0,0
83,47.104548,51.883767,столкновение,minor,2026-07-05 19:06:00,0,0
84,47.104473,51.888753,столкновение,major,2026-04-17 05:55:00,0,1
85,47.101217,51.877917,наезд на пешехода,major,2026-06-03 14:45:00,0,1
86,47.107948,51.878337,наезд на препятствие,minor,2026-07-01 20:17:00,0,0
87,47.104122,51.869975,наезд на препятствие,major,2026-02-04 18:40:00,0,3
88,47.10605,51.881089,столкновение,minor,2026-04-05 18:40:00,0,0
89,47.107923,51.87605,столкновение,minor,2026-01-28 09:36:00,0,0
90,47.107786,51.879035,опрокидывание,minor,2026-02-28 12:03:00,0,0
91,47.108662,51.87709,столкновение,fatal,2026-03-29 11:52:00,2,0
92,47.105606,51.881472,наезд на препятствие,minor,2026-06-30 15:57:00,0,0
93,47.104307,51.872157,наезд на пешехода,minor,2026-07-02 13:58:00,0,0
94,47.105681,51.873785,столкновение,minor,2026-03-24 09:58:00,0,0
95,47.099251,51.893924,опрокидывание,major,2026-03-11 09:55:00,0,0
96,47.100212,51.87479,столкновение,minor,2026-04-22 09:44:00,0,0
97,47.100709,51.875858,столкновение,minor,2026-07-12 11:03:00,0,0
98,47.102011,51.892287,наезд на пешехода,major,2026-07-26 08:27:00,0,1
99,47.107599,51.898268,наезд на пешехода,minor,2026-02-17 20:14:00,0,0
100,47.102378,51.875439,наезд на пешехода,minor,2026-02-09 17:13:00,0,0
101,47.104487,51.879938,наезд на пешехода,minor,2026-05-30 08:49:00,0,0
102,47.111197,51.883913,наезд на препятствие,minor,2026-03-05 18:48:00,0,0
103,47.104575,51.891681,наезд на препятствие,minor,2026-02-12 19:31:00,0,0
104,47.10895,51.876474,наезд на пешехода,major,2026-01-07 09:44:00,0,0
105,47.102266,51.880626,столкновение,major,2026-03-27 08:07:00,0,0
106,47.105178,51.886353,наезд на пешехода,major,2026-03-24 00:13:00,0,3
107,47.1022,51.884435,наезд на препятствие,fatal,2026-04-29 04:51:00,1,1
108,47.104644,51.879894,столкновение,minor,2026-02-12 18:27:00,0,0
109,47.109361,51.881251,наезд на пешехода,minor,2026-05-31 23:32:00,0,0
110,47.099091,51.874301,столкновение,major,2026-05-24 04:27:00,0,0
111,47.107738,51.880666,столкновение,minor,2026-04-08 18:12:00,0,0
112,47.106951,51.880508,наезд на пешехода,major,2026-02-08 06:49:00,0,0
113,47.103623,51.8833,столкновение,major,2026-04-17 17:45:00,0,1
114,47.100216,51.87889,опрокидывание,minor,2026-05-23 18:41:00,0,0
115,47.106289,51.884641,опрокидывание,minor,2026-03-20 10:21:00,0,0
116,47.103882,51.887671,опрокидывание,minor,2026-02-25 01:38:00,0,0
117,47.106931,51.88287,столкновение,minor,2026-04-17 17:57:00,0,0
118,47.106087,51.88397,столкновение,minor,2026-03-16 23:38:00,0,0
119,47.112407,51.882298,наезд на пешехода,minor,2026-03-26 09:29:00,0,0
120,47.105043,51.882,опрокидывание,major,2026-03-15 08:16:00,0,3
121,47.101906,51.877959,наезд на пешехода,major,2026-03-06 07:31:00,0,3
122,47.106717,51.883772,наезд на препятствие,major,2026-06-01 16:22:00,0,1
123,47.10688,51.881455,столкновение,minor,2026-04-08 17:36:00,0,0
124,47.111437,51.893722,наезд на препятствие,minor,2026-04-09 19:02:00,0,0
125,47.10934,51.890811,столкновение,minor,2026-05-18 18:11:00,0,0
126,47.107427,51.884161,столкновение,minor,2026-03-18 20:47:00,0,0
127,47.111853,51.877727,наезд на пешехода,fatal,2026-01-22 19:22:00,1,2
128,47.101245,51.87577,столкновение,minor,2026-06-29 09:25:00,0,0
129,47.103441,51.88867,столкновение,minor,2026-01-12 16:32:00,0,0
130,47.102294,51.883471,столкновение,major,2026-05-01 09:26:00,0,0
131,47.104441,51.884689,столкновение,minor,2026-02-26 10:45:00,0,0
132,47.100493,51.87223,опрокидывание,minor,2026-02-15 21:14:00,0,0
133,47.108541,51.887194,столкновение,minor,2026-01-09 18:45:00,0,0
134,47.105111,51.884545,наезд на пешехода,major,2026-07-09 23:12:00,0,2
135,47.100117,51.875782,опрокидывание,major,2026-04-01 12:22:00,0,1
136,47.101938,51.879359,столкновение,minor,2026-03-14 16:35:00,0,0
137,47.107254,51.883477,столкновение,major,2026-06-06 14:53:00,0,3
138,47.109353,51.882294,наезд на препятствие,major,2026-01-09 07:13:00,0,3
139,47.113987,51.880364,опрокидывание,major,2026-04-30 09:35:00,0,0
140,47.117655,51.88142,наезд на пешехода,minor,2026-04-15 15:03:00,0,0
141,47.107658,51.880589,опрокидывание,minor,2026-04-27 06:04:00,0,0
142,47.102042,51.882854,столкновение,major,2026-01-27 21:46:00,0,3
143,47.097472,51.89024,столкновение,minor,2026-07-20 07:43:00,0,0
144,47.107071,51.867627,наезд на пешехода,minor,2026-02-20 08:22:00,0,0
145,47.102748,51.880674,столкновение,major,2026-05-24 19:37:00,0,3
146,47.104339,51.882988,опрокидывание,minor,2026-06-07 07:22:00,0,0
147,47.103552,51.883658,наезд на пешехода,major,2026-03-14 21:16:00,0,2
148,47.105437,51.879917,опрокидывание,fatal,2026-01-28 18:25:00,1,0
149,47.110264,51.872162,наезд на пешехода,major,2026-03-04 06:18:00,0,3
150,47.106628,51.883837,столкновение,minor,2026-06-20 18:48:00,0,0
151,47.125637,51.905625,столкновение,major,2026-07-11 17:24:00,0,0
152,47.109331,51.899665,столкновение,minor,2026-07-17 18:19:00,0,0
153,47.121319,51.911252,опрокидывание,major,2026-02-17 19:32:00,0,0
154,47.115357,51.921246,столкновение,major,2026-05-08 18:45:00,0,1
155,47.116693,51.914006,столкновение,major,2026-02-01 17:16:00,0,1
156,47.111736,51.917385,столкновение,minor,2026-05-30 09:56:00,0,0
157,47.115328,51.923625,столкновение,minor,2026-03-29 18:27:00,0,0
158,47.1235,51.925294,опрокидывание,minor,2026-05-31 22:39:00,0,0
159,47.119913,51.915516,столкновение,minor,2026-05-25 17:57:00,0,0
160,47.125662,51.925475,наезд на препятствие,minor,2026-07-29 17:25:00,0,0
161,47.122887,51.916645,столкновение,minor,2026-04-14 13:11:00,0,0
162,47.119195,51.910138,наезд на пешехода,minor,2026-03-14 18:44:00,0,0
163,47.12572,51.911839,столкновение,major,2026-04-22 23:00:00,0,0
164,47.119195,51.905636,столкновение,major,2026-02-04 08:27:00,0,2
165,47.12114,51.909783,наезд на препятствие,minor,2026-01-24 08:58:00,0,0
166,47.115517,51.913494,наезд на препятствие,major,2026-04-20 16:24:00,0,1
167,47.117333,51.921625,наезд на препятствие,major,2026-06-24 14:41:00,0,0
168,47.113513,51.928045,столкновение,minor,2026-04-23 17:31:00,0,0
169,47.121948,51.906325,столкновение,minor,2026-06-14 04:12:00,0,0
170,47.111108,51.91875,наезд на пешехода,major,2026-02-07 12:19:00,0,2
171,47.120912,51.908716,столкновение,fatal,2026-04-05 17:31:00,2,3
172,47.116047,51.919323,наезд на пешехода,major,2026-05-10 17:06:00,0,2
173,47.122856,51.915082,наезд на пешехода,major,2026-03-15 17:24:00,0,0
174,47.120754,51.903184,наезд на пешехода,fatal,2026-01-03 18:24:00,1,1
175,47.126103,51.922498,опрокидывание,minor,2026-01-16 17:50:00,0,0
176,47.120654,51.911765,наезд на пешехода,major,2026-07-15 19:07:00,0,1
177,47.10914,51.912263,столкновение,minor,2026-05-08 17:50:00,0,0
178,47.116665,51.908512,столкновение,fatal,2026-02-25 16:24:00,1,2
179,47.11114,51.91142,наезд на пешехода,minor,2026-02-24 17:39:00,0,0
180,47.114409,51.918995,наезд на пешехода,minor,2026-01-09 07:33:00,0,0
181,47.124556,51.914675,столкновение,major,2026-07-19 09:17:00,0,1
182,47.120188,51.918301,столкновение,minor,2026-01-23 15:55:00,0,0
183,47.113505,51.918533,опрокидывание,major,2026-06-10 20:13:00,0,1
184,47.111931,51.925245,опрокидывание,minor,2026-02-20 18:02:00,0,0
185,47.117164,51.9136,наезд на пешехода,fatal,2026-03-12 06:45:00,2,0
186,47.110917,51.905662,столкновение,major,2026-02-27 17:37:00,0,3
187,47.113644,51.923471,столкновение,minor,2026-06-23 08:53:00,0,0
188,47.11856,51.91368,наезд на пешехода,major,2026-01-07 18:27:00,0,0
189,47.122777,51.923802,столкновение,minor,2026-03-16 19:01:00,0,0
190,47.120044,51.918684,наезд на пешехода,minor,2026-02-28 17:01:00,0,0
191,47.105544,51.915082,наезд на пешехода,major,2026-02-27 17:25:00,0,0
192,47.118522,51.918441,столкновение,major,2026-02-10 10:14:00,0,0
193,47.11736,51.929657,столкновение,minor,2026-07-12 13:55:00,0,0
194,47.119069,51.930539,столкновение,minor,2026-03-21 19:07:00,0,0
195,47.125081,51.916486,наезд на препятствие,major,2026-03-30 18:52:00,0,2
196,47.106684,51.917121,наезд на пешехода,minor,2026-03-23 15:13:00,0,0
197,47.114044,51.923534,столкновение,minor,2026-07-26 11:07:00,0,0
198,47.119955,51.91008,наезд на препятствие,minor,2026-03-13 05:16:00,0,0
199,47.109092,51.918331,наезд на пешехода,minor,2026-03-14 08:08:00,0,0
200,47.12438,51.915819,наезд на пешехода,major,2026-03-11 08:24:00,0,3
201,47.118842,51.918197,наезд на препятствие,minor,2026-03-10 11:19:00,0,0
202,47.121233,51.910166,столкновение,minor,2026-01-19 22:31:00,0,0
203,47.114145,51.904873,столкновение,fatal,2026-05-08 15:32:00,2,1
204,47.121069,51.901489,наезд на пешехода,minor,2026-01-06 09:00:00,0,0
205,47.122342,51.908178,столкновение,major,2026-02-17 07:07:00,0,0
206,47.118164,51.912789,наезд на пешехода,minor,2026-02-12 10:09:00,0,0
207,47.118172,51.913948,столкновение,major,2026-03-03 19:11:00,0,0
208,47.118352,51.929561,столкновение,major,2026-06-09 11:05:00,0,3
209,47.112683,51.923742,столкновение,major,2026-05-07 19:18:00,0,1
210,47.116262,51.909265,столкновение,minor,2026-07-29 19:32:00,0,0
211,47.116237,51.918434,столкновение,minor,2026-03-16 07:18:00,0,0
212,47.118917,51.91315,столкновение,major,2026-07-15 17:19:00,0,2
213,47.121999,51.914009,наезд на препятствие,minor,2026-01-10 22:28:00,0,0
214,47.111707,51.917297,столкновение,minor,2026-04-17 12:32:00,0,0
215,47.116375,51.920334,столкновение,minor,2026-06-18 05:19:00,0,0
216,47.124407,51.913625,столкновение,fatal,2026-04-23 21:13:00,2,2
217,47.113282,51.923447,столкновение,major,2026-07-16 20:24:00,0,3
218,47.112889,51.908006,столкновение,major,2026-03-08 15:01:00,0,2
219,47.118012,51.916044,наезд на пешехода,major,2026-01-08 16:29:00,0,3
220,47.121222,51.934184,столкновение,minor,2026-06-13 08:56:00,0,0
221,47.117057,51.917562,наезд на препятствие,minor,2026-01-15 19:23:00,0,0
222,47.123645,51.926033,наезд на препятствие,minor,2026-06-11 15:06:00,0,0
223,47.121284,51.916641,столкновение,major,2026-06-04 03:42:00,0,0
224,47.121209,51.920065,столкновение,minor,2026-06-28 18:07:00,0,0
225,47.119771,51.915603,столкновение,major,2026-04-12 22:11:00,0,3
226,47.128638,51.914807,наезд на пешехода,major,2026-07-08 19:08:00,0,0
227,47.115974,51.910544,столкновение,minor,2026-02-05 09:53:00,0,0
228,47.106982,51.919012,наезд на препятствие,minor,2026-04-02 05:58:00,0,0
229,47.125021,51.910039,опрокидывание,minor,2026-01-26 22:34:00,0,0
230,47.114712,51.920659,опрокидывание,fatal,2026-06-11 22:37:00,2,3
231,47.117539,51.923597,наезд на пешехода,major,2026-05-31 16:38:00,0,2
232,47.123548,51.918566,наезд на препятствие,major,2026-06-20 17:36:00,0,0
233,47.108989,51.913996,столкновение,minor,2026-06-11 13:32:00,0,0
234,47.110742,51.919178,столкновение,minor,2026-03-07 12:59:00,0,0
235,47.108994,51.913839,столкновение,minor,2026-01-15 07:43:00,0,0
236,47.113029,51.922549,наезд на препятствие,minor,2026-07-16 07:05:00,0,0
237,47.119198,51.90318,наезд на пешехода,minor,2026-04-14 09:23:00,0,0
238,47.119621,51.913651,опрокидывание,minor,2026-01-20 19:58:00,0,0
239,47.118381,51.902064,столкновение,fatal,2026-07-15 08:24:00,1,2
240,47.109936,51.905535,наезд на препятствие,minor,2026-07-29 08:12:00,0,0
241,47.105449,51.925547,наезд на пешехода,minor,2026-04-05 16:52:00,0,0
242,47.117272,51.922266,наезд на пешехода,major,2026-06-12 08:37:00,0,2
243,47.114641,51.910964,наезд на препятствие,minor,2026-01-08 08:33:00,0,0
244,47.119297,51.905482,столкновение,major,2026-01-20 16:25:00,0,2
245,47.12051,51.895248,столкновение,major,2026-02-28 11:07:00,0,3
246,47.117691,51.912196,наезд на пешехода,major,2026-05-19 17:23:00,0,0
247,47.120801,51.932943,столкновение,major,2026-01-29 21:26:00,0,2
248,47.118146,51.919044,столкновение,minor,2026-01-08 08:55:00,0,0
249,47.11965,51.912083,столкновение,major,2026-05-22 21:18:00,0,1
250,47.113477,51.919256,столкновение,minor,2026-06-12 21:08:00,0,0
251,47.116102,51.905073,наезд на препятствие,minor,2026-06-05 19:25:00,0,0
252,47.117984,51.913919,наезд на пешехода,minor,2026-06-18 17:59:00,0,0
253,47.121103,51.916696,столкновение,minor,2026-06-19 17:28:00,0,0
254,47.115031,51.915397,столкновение,major,2026-05-08 17:22:00,0,3
255,47.119606,51.921536,столкновение,minor,2026-04-20 18:40:00,0,0
256,47.115671,51.918413,наезд на пешехода,minor,2026-06-30 01:38:00,0,0
257,47.116412,51.920678,наезд на препятствие,minor,2026-03-15 22:17:00,0,0
258,47.121148,51.911181,наезд на препятствие,major,2026-01-21 17:58:00,0,2
259,47.107035,51.922285,столкновение,minor,2026-06-08 19:35:00,0,0
260,47.110518,51.927403,столкновение,major,2026-02-28 11:03:00,0,1
261,47.087179,51.849329,наезд на пешехода,major,2026-07-26 01:24:00,0,3
262,47.087674,51.840149,наезд на пешехода,minor,2026-03-29 15:55:00,0,0
263,47.101015,51.855705,наезд на пешехода,major,2026-06-29 15:23:00,0,2
264,47.091852,51.839728,наезд на пешехода,minor,2026-01-09 13:34:00,0,0
265,47.101423,51.839652,наезд на пешехода,minor,2026-05-20 10:36:00,0,0
266,47.090345,51.849546,столкновение,major,2026-04-05 09:42:00,0,2
267,47.10173,51.851409,столкновение,major,2026-04-08 15:52:00,0,3
268,47.093789,51.848764,столкновение,minor,2026-02-25 11:08:00,0,0
269,47.094549,51.830841,столкновение,minor,2026-07-24 23:31:00,0,0
270,47.102388,51.849519,столкновение,minor,2026-03-24 08:32:00,0,0
271,47.090829,51.836312,наезд на пешехода,minor,2026-06-29 09:09:00,0,0
272,47.087353,51.846976,столкновение,major,2026-03-31 09:40:00,0,0
273,47.090309,51.833041,столкновение,minor,2026-01-11 16:07:00,0,0
274,47.095714,51.848749,наезд на пешехода,major,2026-07-05 15:27:00,0,1
275,47.083605,51.838225,опрокидывание,minor,2026-02-09 17:19:00,0,0
276,47.096825,51.834226,столкновение,major,2026-02-27 22:09:00,0,0
277,47.089767,51.850996,опрокидывание,major,2026-07-01 09:49:00,0,1
278,47.099887,51.84703,наезд на препятствие,major,2026-07-08 18:14:00,0,2
279,47.078634,51.839843,наезд на пешехода,minor,2026-07-13 02:15:00,0,0
280,47.088281,51.85719,наезд на пешехода,minor,2026-03-31 09:51:00,0,0
281,47.082881,51.841299,столкновение,minor,2026-06-09 14:52:00,0,0
282,47.088043,51.84527,наезд на препятствие,minor,2026-03-11 03:02:00,0,0
283,47.094486,51.847259,столкновение,minor,2026-06-06 17:16:00,0,0
284,47.091925,51.839795,наезд на препятствие,minor,2026-04-17 18:42:00,0,0
285,47.09148,51.848958,наезд на пешехода,major,2026-01-11 18:46:00,0,1
286,47.092045,51.840519,столкновение,minor,2026-03-30 15:59:00,0,0
287,47.09422,51.841542,столкновение,major,2026-04-09 17:33:00,0,1
288,47.086949,51.856446,наезд на пешехода,minor,2026-02-24 12:00:00,0,0
289,47.097241,51.836259,наезд на пешехода,major,2026-03-21 04:52:00,0,1
290,47.096976,51.824733,столкновение,minor,2026-04-17 07:09:00,0,0
291,47.09531,51.858532,наезд на пешехода,minor,2026-01-11 17:07:00,0,0
292,47.096339,51.866414,наезд на препятствие,minor,2026-02-02 23:40:00,0,0
293,47.094779,51.841596,наезд на пешехода,major,2026-06-11 01:36:00,0,1
294,47.10521,51.828731,наезд на пешехода,minor,2026-03-16 16:03:00,0,0
295,47.092477,51.842392,столкновение,minor,2026-05-09 18:10:00,0,0
296,47.091158,51.842596,опрокидывание,minor,2026-04-30 19:35:00,0,0
297,47.088479,51.843405,столкновение,major,2026-04-27 16:15:00,0,2
298,47.086806,51.835648,наезд на препятствие,minor,2026-03-29 17:41:00,0,0
299,47.085533,51.849868,столкновение,minor,2026-04-12 18:24:00,0,0
300,47.087667,51.849406,наезд на пешехода,minor,2026-06-23 19:35:00,0,0
301,47.092576,51.832447,столкновение,major,2026-07-23 07:28:00,0,2
302,47.095006,51.850873,столкновение,minor,2026-02-24 21:21:00,0,0
303,47.093307,51.862243,опрокидывание,minor,2026-05-22 02:20:00,0,0
304,47.088407,51.846444,наезд на пешехода,fatal,2026-07-24 19:41:00,2,3
305,47.098401,51.842166,наезд на пешехода,minor,2026-01-02 06:30:00,0,0
306,47.097436,51.843807,наезд на препятствие,minor,2026-06-15 08:35:00,0,0
307,47.092042,51.850168,наезд на препятствие,minor,2026-04-15 00:34:00,0,0
308,47.089083,51.830462,наезд на препятствие,minor,2026-07-24 13:12:00,0,0
309,47.096291,51.846381,столкновение,minor,2026-05-03 10:54:00,0,0
310,47.094128,51.84172,наезд на пешехода,minor,2026-06-26 08:33:00,0,0
311,47.084311,51.860522,наезд на препятствие,major,2026-02-05 13:43:00,0,1
312,47.092592,51.843537,столкновение,major,2026-01-30 12:52:00,0,0
313,47.094572,51.85901,столкновение,minor,2026-07-15 19:55:00,0,0
314,47.087602,51.835729,опрокидывание,minor,2026-04-22 20:40:00,0,0
315,47.094139,51.849933,наезд на пешехода,minor,2026-04-28 17:47:00,0,0
316,47.084271,51.847683,наезд на пешехода,fatal,2026-02-05 07:28:00,1,2
317,47.101017,51.8377,наезд на препятствие,minor,2026-02-17 09:44:00,0,0
318,47.100488,51.84649,наезд на пешехода,major,2026-06-22 21:19:00,0,1
319,47.091485,51.855185,столкновение,minor,2026-03-06 06:42:00,0,0
320,47.095181,51.84228,столкновение,major,2026-05-04 12:05:00,0,1
321,47.07854,51.830788,столкновение,minor,2026-03-08 22:54:00,0,0
322,47.086062,51.844852,столкновение,major,2026-02-25 22:14:00,0,0
323,47.091237,51.83742,опрокидывание,minor,2026-02-05 12:39:00,0,0
324,47.086567,51.842124,опрокидывание,major,2026-07-16 18:00:00,0,2
325,47.097286,51.844315,столкновение,minor,2026-07-18 13:09:00,0,0
326,47.104984,51.830673,столкновение,major,2026-01-25 18:59:00,0,1
327,47.08594,51.831428,наезд на препятствие,major,2026-03-16 03:50:00,0,3
328,47.087975,51.849049,столкновение,fatal,2026-04-29 08:13:00,1,0
329,47.094413,51.840609,наезд на пешехода,minor,2026-03-22 17:07:00,0,0
330,47.102667,51.823456,наезд на пешехода,minor,2026-06-02 09:48:00,0,0
331,47.085666,51.851593,наезд на пешехода,minor,2026-02-24 18:59:00,0,0
332,47.094494,51.847288,столкновение,minor,2026-01-13 10:10:00,0,0
333,47.103928,51.839003,наезд на пешехода,minor,2026-03-13 20:39:00,0,0
334,47.083089,51.833939,столкновение,fatal,2026-05-07 19:17:00,2,3
335,47.085314,51.852021,наезд на пешехода,fatal,2026-02-08 14:44:00,2,0
336,47.090458,51.847935,столкновение,minor,2026-06-22 19:25:00,0,0
337,47.089876,51.865014,наезд на пешехода,major,2026-01-03 09:07:00,0,0
338,47.097876,51.84853,наезд на пешехода,major,2026-01-15 14:19:00,0,2
339,47.09445,51.848257,столкновение,fatal,2026-04-18 08:32:00,2,2
340,47.08235,51.843598,столкновение,minor,2026-04-19 19:47:00,0,0
341,47.097274,51.659917,столкновение,minor,2026-03-04 19:01:00,0,0
342,47.114316,51.722638,столкновение,major,2026-02-24 21:57:00,0,1
343,47.347616,52.04616,столкновение,minor,2026-01-15 20:38:00,0,0
344,47.203569,51.613884,наезд на препятствие,minor,2026-05-20 22:52:00,0,0
345,47.266587,52.187535,столкновение,fatal,2026-03-21 09:55:00,2,0
346,47.306149,51.826287,опрокидывание,fatal,2026-01-26 21:09:00,2,2
347,47.254415,52.031588,наезд на препятствие,major,2026-03-26 17:05:00,0,3
348,46.983331,52.132543,столкновение,major,2026-07-17 12:46:00,0,2
349,47.152977,51.836778,наезд на пешехода,minor,2026-02-25 16:11:00,0,0
350,46.945852,51.791479,наезд на препятствие,minor,2026-07-08 10:08:00,0,0
351,47.193815,51.965245,наезд на пешехода,minor,2026-02-24 09:28:00,0,0
352,47.329907,51.948594,столкновение,minor,2026-02-09 09:54:00,0,0
353,47.130729,51.845484,столкновение,minor,2026-02-24 06:47:00,0,0
354,47.094838,51.961065,столкновение,major,2026-03-10 14:31:00,0,3
355,46.916129,52.161229,наезд на пешехода,minor,2026-01-26 20:11:00,0,0
356,47.331899,51.880584,наезд на препятствие,major,2026-05-04 17:20:00,0,3
357,46.946351,51.718045,наезд на препятствие,minor,2026-03-12 15:41:00,0,0
358,46.918486,51.826324,столкновение,minor,2026-06-01 12:09:00,0,0
359,47.01073,51.836464,наезд на пешехода,minor,2026-04-14 14:31:00,0,0
360,46.929489,51.678665,столкновение,minor,2026-04-04 08:00:00,0,0
361,47.104803,51.697723,наезд на препятствие,major,2026-04-10 19:19:00,0,0
362,47.13224,52.010737,столкновение,minor,2026-02-02 08:14:00,0,0
363,47.040656,51.803687,наезд на препятствие,minor,2026-05-31 18:40:00,0,0
364,46.922932,52.172939,опрокидывание,major,2026-01-22 18:54:00,0,3
365,46.95022,51.746158,столкновение,minor,2026-06-02 17:08:00,0,0
366,47.073027,51.659355,столкновение,minor,2026-07-30 19:47:00,0,0
367,46.927238,52.052103,опрокидывание,minor,2026-06-11 09:39:00,0,0
368,47.214185,52.128622,столкновение,minor,2026-04-07 20:58:00,0,0
369,46.993159,51.766868,наезд на пешехода,major,2026-03-08 18:54:00,0,1
370,47.035932,51.721253,наезд на препятствие,minor,2026-07-04 19:06:00,0,0
371,47.077357,51.71146,наезд на пешехода,minor,2026-02-24 18:44:00,0,0
372,47.087474,51.913207,столкновение,minor,2026-04-12 19:35:00,0,0
373,46.900747,51.88105,столкновение,minor,2026-06-12 23:06:00,0,0
374,46.950432,51.755664,столкновение,minor,2026-07-14 12:15:00,0,0
375,47.288244,51.627104,наезд на препятствие,major,2026-07-14 19:55:00,0,0
376,46.900555,51.888895,столкновение,minor,2026-01-19 18:32:00,0,0
377,47.128675,52.175599,столкновение,minor,2026-07-09 13:20:00,0,0
378,47.120276,51.991512,столкновение,minor,2026-01-25 21:19:00,0,0
379,47.049892,51.897304,наезд на препятствие,minor,2026-05-04 11:50:00,0,0
380,47.094097,51.666415,столкновение,minor,2026-07-16 17:17:00,0,0
381,47.251262,51.751462,наезд на препятствие,major,2026-05-19 07:09:00,0,1
382,47.278542,51.776864,наезд на пешехода,major,2026-07-19 08:34:00,0,1
383,47.017157,52.058882,опрокидывание,minor,2026-03-14 19:59:00,0,0
384,47.045121,52.126026,наезд на препятствие,minor,2026-03-08 12:10:00,0,0
385,47.009117,52.140985,опрокидывание,major,2026-03-10 11:15:00,0,3
386,47.115939,52.190741,наезд на препятствие,minor,2026-03-16 09:28:00,0,0
387,47.207466,52.18942,столкновение,minor,2026-05-25 14:11:00,0,0
388,47.002714,52.171799,опрокидывание,minor,2026-04-06 19:39:00,0,0
389,47.048831,51.643093,наезд на пешехода,major,2026-06-05 20:15:00,0,3
390,47.318673,51.682676,наезд на пешехода,major,2026-03-29 06:07:00,0,2
391,46.921856,51.78268,наезд на препятствие,minor,2026-03-06 17:15:00,0,0
392,47.107346,51.931739,наезд на препятствие,fatal,2026-02-10 14:55:00,2,1
393,47.220201,51.658187,наезд на пешехода,minor,2026-04-27 17:56:00,0,0
394,46.967704,52.107478,наезд на пешехода,minor,2026-07-09 13:30:00,0,0
395,46.921318,51.970054,наезд на пешехода,minor,2026-07-01 12:24:00,0,0
396,46.962192,51.925419,столкновение,minor,2026-02-23 14:49:00,0,0
397,47.31347,51.699187,столкновение,minor,2026-04-11 17:11:00,0,0
398,46.904167,51.751953,столкновение,minor,2026-05-29 15:39:00,0,0
399,46.984745,51.696187,столкновение,minor,2026-05-10 14:40:00,0,0
400,46.914078,52.11116,столкновение,major,2026-01-15 19:42:00,0,3
401,46.949783,51.950537,опрокидывание,minor,2026-05-05 18:13:00,0,0
402,47.179067,52.041078,столкновение,minor,2026-01-09 10:42:00,0,0
403,47.008738,51.77762,наезд на препятствие,major,2026-01-25 19:36:00,0,1
404,47.156145,51.822752,наезд на пешехода,minor,2026-05-18 19:52:00,0,0
405,47.165588,51.842913,столкновение,major,2026-01-22 08:10:00,0,1
406,47.282246,52.056009,столкновение,major,2026-03-13 17:36:00,0,1
407,46.902134,52.063412,столкновение,major,2026-05-05 09:49:00,0,1
408,47.284016,51.724088,наезд на препятствие,minor,2026-05-19 18:16:00,0,0
409,47.178604,52.164923,столкновение,minor,2026-04-05 09:44:00,0,0
410,46.973235,51.672393,наезд на пешехода,minor,2026-01-20 18:05:00,0,0
411,47.247822,52.137673,наезд на препятствие,minor,2026-06-18 09:43:00,0,0
412,47.284971,51.660237,наезд на препятствие,minor,2026-07-20 15:36:00,0,0
413,47.014419,51.758724,столкновение,minor,2026-07-07 22:11:00,0,0
414,47.313457,52.107887,столкновение,minor,2026-06-07 11:03:00,0,0
415,47.104506,51.707695,столкновение,minor,2026-03-26 20:44:00,0,0
416,47.171541,51.848141,столкновение,minor,2026-07-04 23:14:00,0,0
417,47.343092,51.869916,столкновение,major,2026-04-14 20:29:00,0,0
418,47.062691,51.747155,наезд на пешехода,major,2026-01-29 08:03:00,0,2
419,47.265922,52.026147,наезд на препятствие,minor,2026-06-29 19:57:00,0,0
420,47.04328,52.110801,наезд на пешехода,major,2026-03-09 03:32:00,0,2
421,47.259646,52.124745,наезд на пешехода,minor,2026-07-18 11:55:00,0,0
422,47.17033,51.803593,столкновение,major,2026-03-19 20:09:00,0,0
423,46.99736,51.91851,опрокидывание,fatal,2026-07-03 18:12:00,2,2
424,47.086312,51.749044,наезд на пешехода,minor,2026-04-24 16:36:00,0,0
425,47.042936,51.746878,наезд на препятствие,major,2026-04-09 11:36:00,0,1
426,46.935149,51.696752,наезд на препятствие,fatal,2026-03-04 19:47:00,2,2
427,46.913426,52.164011,столкновение,major,2026-06-26 18:55:00,0,3
428,47.055915,52.132793,столкновение,fatal,2026-01-13 14:49:00,2,0
429,46.908565,52.066415,столкновение,minor,2026-04-09 20:08:00,0,0
430,46.974469,51.910597,столкновение,minor,2026-03-19 09:18:00,0,0
431,47.226332,51.894365,наезд на препятствие,major,2026-04-25 08:54:00,0,2
432,47.218641,51.917847,столкновение,minor,2026-02-23 17:32:00,0,0
433,47.232361,51.921941,опрокидывание,minor,2026-05-21 23:52:00,0,0
434,47.042719,51.860738,наезд на пешехода,minor,2026-03-23 09:33:00,0,0
435,47.300509,51.679053,столкновение,minor,2026-02-09 09:02:00,0,0
436,47.167224,51.675398,столкновение,minor,2026-02-11 08:28:00,0,0
437,46.956712,52.17135,наезд на пешехода,major,2026-05-27 19:49:00,0,0
438,46.964673,51.889218,наезд на пешехода,minor,2026-02-25 08:39:00,0,0
439,47.211893,52.171923,столкновение,major,2026-03-06 15:07:00,0,2
440,46.977825,51.698146,столкновение,major,2026-05-13 23:12:00,0,3
441,47.128282,51.93265,наезд на пешехода,minor,2026-03-11 01:51:00,0,0
442,47.346299,51.72463,столкновение,minor,2026-03-23 16:58:00,0,0
443,46.901803,51.751911,наезд на препятствие,minor,2026-02-21 15:45:00,0,0
444,46.907461,51.618033,столкновение,fatal,2026-03-14 19:05:00,1,3
445,47.346888,51.671372,столкновение,major,2026-05-27 10:37:00,0,3
446,47.163087,52.150109,наезд на пешехода,minor,2026-04-23 12:49:00,0,0
447,46.957109,51.79292,наезд на пешехода,minor,2026-07-30 08:38:00,0,0
448,47.303786,51.964878,наезд на пешехода,minor,2026-06-12 18:35:00,0,0
449,47.296171,51.879008,столкновение,minor,2026-01-04 19:28:00,0,0
450,47.14129,51.840271,наезд на препятствие,fatal,2026-03-21 08:14:00,1,0
451,47.179806,51.919132,наезд на пешехода,major,2026-03-03 11:16:00,0,2
452,47.022934,51.712343,наезд на пешехода,minor,2026-05-04 20:44:00,0,0
453,46.922734,52.193162,столкновение,major,2026-02-26 00:04:00,0,3
454,47.167555,52.090985,столкновение,minor,2026-07-23 09:05:00,0,0
455,47.03264,52.044969,наезд на пешехода,major,2026-03-05 16:23:00,0,0
456,47.198629,51.881256,столкновение,minor,2026-04-21 10:46:00,0,0
457,47.27631,51.691726,наезд на пешехода,minor,2026-01-26 09:39:00,0,0
458,46.908172,52.1524,столкновение,major,2026-07-11 13:35:00,0,1
459,47.168071,51.804832,наезд на препятствие,minor,2026-07-12 08:32:00,0,0
460,47.004076,51.630064,наезд на пешехода,major,2026-06-17 15:06:00,0,3
461,47.29325,51.805442,наезд на препятствие,fatal,2026-03-16 18:19:00,1,2
462,47.014149,52.076674,наезд на пешехода,minor,2026-01-13 17:04:00,0,0
463,47.174847,51.973625,столкновение,minor,2026-05-31 06:45:00,0,0
464,47.149093,52.050503,опрокидывание,major,2026-04-01 19:45:00,0,1
465,47.078275,52.076181,наезд на пешехода,minor,2026-07-28 08:15:00,0,0
466,47.204929,51.727173,опрокидывание,minor,2026-05-28 18:17:00,0,0
467,47.226596,52.15427,столкновение,minor,2026-04-24 10:19:00,0,0
468,47.155122,51.862794,наезд на пешехода,major,2026-07-28 19:53:00,0,2
469,47.24129,51.983408,наезд на препятствие,minor,2026-06-18 08:29:00,0,0
470,47.342538,51.601385,наезд на пешехода,minor,2026-04-07 08:45:00,0,0
471,47.088673,52.196021,столкновение,major,2026-01-04 15:26:00,0,0
472,47.131562,51.768538,наезд на пешехода,minor,2026-01-20 03:41:00,0,0
473,46.905611,51.637238,наезд на пешехода,major,2026-04-04 08:31:00,0,1
474,47.258213,51.874957,наезд на препятствие,minor,2026-04-29 18:16:00,0,0
475,47.134104,51.677418,столкновение,fatal,2026-01-07 19:52:00,1,3
476,47.083583,51.691396,столкновение,major,2026-01-27 06:42:00,0,3
477,46.942332,51.97937,опрокидывание,minor,2026-05-29 20:46:00,0,0
478,47.300345,51.835756,наезд на пешехода,major,2026-06-08 19:56:00,0,2
479,47.077753,52.153111,наезд на пешехода,minor,2026-01-07 20:14:00,0,0
480,47.207162,51.791494,наезд на пешехода,minor,2026-04-18 18:05:00,0,0
481,46.967218,52.035708,столкновение,minor,2026-01-18 18:34:00,0,0
482,47.332697,51.87666,наезд на пешехода,major,2026-06-02 15:19:00,0,2
483,46.980299,51.995971,столкновение,minor,2026-06-25 17:26:00,0,0
484,46.989794,51.959817,столкновение,minor,2026-07-03 21:14:00,0,0
485,47.286542,51.88367,наезд на пешехода,minor,2026-05-07 07:23:00,0,0
486,47.310662,52.170037,наезд на пешехода,minor,2026-05-13 09:23:00,0,0
487,46.995466,51.805628,наезд на препятствие,minor,2026-07-15 06:21:00,0,0
488,47.11141,51.706341,столкновение,minor,2026-05-10 22:44:00,0,0
489,47.230073,52.006856,столкновение,minor,2026-04-05 13:35:00,0,0
490,47.295265,52.107605,наезд на препятствие,minor,2026-06-09 18:28:00,0,0
491,47.070574,51.624152,столкновение,minor,2026-05-05 19:06:00,0,0
492,47.132659,51.86978,столкновение,minor,2026-06-27 23:34:00,0,0
493,47.233772,52.135493,столкновение,major,2026-04-21 08:10:00,0,3
494,47.229011,52.049771,наезд на пешехода,minor,2026-07-03 19:18:00,0,0
495,47.252332,52.195085,наезд на препятствие,minor,2026-01-10 20:24:00,0,0
496,47.15647,51.918848,опрокидывание,minor,2026-01-08 04:08:00,0,0
497,46.947077,51.995997,наезд на пешехода,minor,2026-01-21 18:23:00,0,0
498,47.306788,51.781488,столкновение,minor,2026-04-28 10:16:00,0,0
499,47.289508,52.168521,столкновение,major,2026-05-30 17:50:00,0,3
500,47.259144,51.819801,наезд на пешехода,minor,2026-02-15 15:51:00,0,0
