id,type,lat,lng
1,overview,47.108438,51.878056
2,overview,47.09768,51.887962
3,intersection,47.112004,51.886093
4,overview,47.113525,51.886623
5,intersection,47.090392,51.886825
6,intersection,47.095583,51.905986
7,overview,47.107023,51.877448
8,speed,47.10347,51.876263
9,overview,47.105866,51.872886
10,intersection,47.099176,51.888899
11,overview,47.113035,51.894644
12,speed,47.112222,51.880724
13,overview,47.106528,51.87259
14,overview,47.115018,51.872766
15,overview,47.10974,51.889287
16,speed,47.099126,51.890324
17,speed,47.10895,51.888083
18,intersection,47.098329,51.874546
19,speed,47.113028,51.8846
20,speed,47.105601,51.883307
21,intersection,47.104521,51.884449
22,overview,47.100553,51.89176
23,intersection,47.11578,51.884504
24,intersection,47.104764,51.889604
25,overview,47.102573,51.882757
26,overview,47.119891,51.925667
27,intersection,47.123313,51.910018
28,overview,47.102428,51.91822
29,speed,47.113803,51.924758
30,overview,47.112296,51.911669
31,overview,47.110611,51.922395
32,intersection,47.114249,51.906733
33,overview,47.131949,51.910917
34,overview,47.108342,51.910656
35,intersection,47.126683,51.899258
36,speed,47.100171,51.922818
37,overview,47.113651,51.909428
38,overview,47.118628,51.916175
39,intersection,47.122862,51.92273
40,speed,47.124112,51.922251
41,intersection,47.124933,51.925315
42,overview,47.113513,51.914621
43,overview,47.112376,51.910074
44,overview,47.12558,51.914884
45,overview,47.115087,51.892377
46,intersection,47.104243,51.89574
47,overview,47.105667,51.897482
48,intersection,47.107805,51.902039
49,intersection,47.121972,51.921597
50,intersection,47.118424,51.903323
51,overview,47.043054,51.940531
52,intersection,47.289212,51.823435
53,intersection,47.222563,51.945458
54,intersection,47.200912,51.661402
55,overview,47.107277,52.12928
56,overview,47.045285,51.891152
57,speed,46.983737,52.041368
58,overview,47.265911,51.691365
59,overview,47.109522,51.893329
60,overview,47.020827,51.895353
61,intersection,47.057085,52.118913
62,speed,47.152727,51.935864
63,overview,47.01187,51.886745
64,speed,47.249815,51.783488
65,overview,47.215482,51.815784
66,intersection,47.201812,51.910336
67,intersection,47.101233,51.869456
68,overview,47.169558,51.660806
69,overview,47.154434,52.063146
70,overview,47.177446,52.09808
71,speed,46.979556,51.720125
72,intersection,47.095533,51.927018
73,speed,46.964565,51.704288
74,intersection,47.122897,51.98612
75,overview,47.065451,51.790617
76,intersection,47.000583,51.979711
77,overview,46.986191,52.013497
78,overview,47.155676,52.034324
79,intersection,47.009708,51.70387
80,intersection,47.273792,52.108006
